time,daylight_duration (s),sunrise (iso8601),sunset (iso8601),temperature_2m_max (Â°C),temperature_2m_min (Â°C)
2024-01-01,0.00,2024-01-01T00:00,2024-01-01T00:00,-21.1,-26.3
2024-01-02,0.00,2024-01-02T00:00,2024-01-02T00:00,-23.9,-26.2
2024-01-03,0.00,2024-01-03T00:00,2024-01-03T00:00,-20.7,-23.5
2024-01-04,0.00,2024-01-04T00:00,2024-01-04T00:00,-17.7,-20.9
2024-01-05,0.00,2024-01-05T00:00,2024-01-05T00:00,-18.0,-18.7
2024-01-06,0.00,2024-01-06T00:00,2024-01-06T00:00,-18.1,-19.3
2024-01-07,0.00,2024-01-07T00:00,2024-01-07T00:00,-15.9,-18.4
2024-01-08,0.00,2024-01-08T00:00,2024-01-08T00:00,-13.6,-15.2
2024-01-09,0.00,2024-01-09T00:00,2024-01-09T00:00,-14.0,-16.7
2024-01-10,0.00,2024-01-10T00:00,2024-01-10T00:00,-16.4,-19.3
2024-01-11,0.00,2024-01-11T00:00,2024-01-11T00:00,-17.0,-19.6
2024-01-12,0.00,2024-01-12T00:00,2024-01-12T00:00,-13.6,-16.8
2024-01-13,0.00,2024-01-13T00:00,2024-01-13T00:00,-13.5,-17.2
2024-01-14,0.00,2024-01-14T00:00,2024-01-14T00:00,-14.4,-19.5
2024-01-15,0.00,2024-01-15T00:00,2024-01-15T00:00,-13.2,-16.0
2024-01-16,0.00,2024-01-16T00:00,2024-01-16T00:00,-3.0,-14.1
2024-01-17,0.00,2024-01-17T00:00,2024-01-17T00:00,-9.8,-16.1
2024-01-18,0.00,2024-01-18T00:00,2024-01-18T00:00,-4.8,-8.9
2024-01-19,0.00,2024-01-19T00:00,2024-01-19T00:00,-9.4,-18.7
2024-01-20,0.00,2024-01-20T00:00,2024-01-20T00:00,-19.6,-26.4
2024-01-21,0.00,2024-01-21T00:00,2024-01-21T00:00,-23.1,-26.8
2024-01-22,0.00,2024-01-22T00:00,2024-01-22T00:00,-24.2,-31.5
2024-01-23,2878.32,2024-01-23T22:04,2024-01-23T23:13,-20.9,-27.5
2024-01-24,5402.00,2024-01-24T21:47,2024-01-24T23:30,-24.3,-25.9
2024-01-25,7113.09,2024-01-25T21:34,2024-01-25T23:43,-25.2,-27.2
2024-01-26,8515.10,2024-01-26T21:23,2024-01-26T23:55,-26.9,-27.6
2024-01-27,9741.32,2024-01-27T21:14,2024-01-28T00:04,-25.5,-31.7
2024-01-28,10850.50,2024-01-28T21:05,2024-01-29T00:14,-31.5,-36.9
2024-01-29,11874.65,2024-01-29T20:57,2024-01-30T00:22,-24.5,-34.1
2024-01-30,12833.28,2024-01-30T20:49,2024-01-31T00:30,-18.8,-23.7
2024-01-31,13739.38,2024-01-31T20:42,2024-02-01T00:38,-19.0,-23.6
2024-02-01,14601.99,2024-02-01T20:35,2024-02-02T00:45,-22.5,-23.6
2024-02-02,15429.22,2024-02-02T20:29,2024-02-03T00:52,-22.8,-24.2
2024-02-03,16234.42,2024-02-03T20:22,2024-02-04T00:58,-21.4,-23.3
2024-02-04,17021.40,2024-02-04T20:16,2024-02-05T01:05,-19.2,-21.5
2024-02-05,17791.95,2024-02-05T20:09,2024-02-06T01:11,-18.3,-19.3
2024-02-06,18547.50,2024-02-06T20:03,2024-02-07T01:18,-18.2,-19.2
2024-02-07,19289.23,2024-02-07T19:57,2024-02-08T01:24,-19.1,-21.9
2024-02-08,20018.12,2024-02-08T19:51,2024-02-09T01:30,-17.6,-21.9
2024-02-09,20735.00,2024-02-09T19:45,2024-02-10T01:36,-15.8,-16.9
2024-02-10,21440.52,2024-02-10T19:39,2024-02-11T01:42,-16.1,-20.2
2024-02-11,22135.29,2024-02-11T19:34,2024-02-12T01:48,-20.6,-21.1
2024-02-12,22819.79,2024-02-12T19:28,2024-02-13T01:53,-18.5,-21.0
2024-02-13,23494.45,2024-02-13T19:22,2024-02-14T01:59,-14.7,-19.6
2024-02-14,24159.61,2024-02-14T19:17,2024-02-15T02:04,-0.6,-16.3
2024-02-15,24815.58,2024-02-15T19:11,2024-02-16T02:10,-10.7,-18.0
2024-02-16,25462.63,2024-02-16T19:06,2024-02-17T02:15,-17.1,-23.1
2024-02-17,26100.98,2024-02-17T19:01,2024-02-18T02:20,-22.4,-24.8
2024-02-18,26730.80,2024-02-18T18:55,2024-02-19T02:25,-21.6,-22.6
2024-02-19,27352.26,2024-02-19T18:50,2024-02-20T02:30,-20.7,-23.0
2024-02-20,27965.47,2024-02-20T18:45,2024-02-21T02:35,-21.9,-23.5
2024-02-21,28570.55,2024-02-21T18:40,2024-02-22T02:40,-19.2,-21.7
2024-02-22,29168.48,2024-02-22T18:35,2024-02-23T02:45,-19.1,-20.1
2024-02-23,29764.80,2024-02-23T18:30,2024-02-24T02:50,-19.4,-23.3
2024-02-24,30360.21,2024-02-24T18:25,2024-02-25T02:55,-23.1,-25.5
2024-02-25,30954.50,2024-02-25T18:19,2024-02-26T03:00,-24.1,-27.6
2024-02-26,31547.46,2024-02-26T18:14,2024-02-27T03:04,-24.0,-31.9
2024-02-27,32138.94,2024-02-27T18:09,2024-02-28T03:09,-22.0,-23.6
2024-02-28,32728.75,2024-02-28T18:04,2024-02-29T03:14,-23.6,-27.2
2024-02-29,33316.71,2024-02-29T17:59,2024-03-01T03:19,-26.1,-27.5
2024-03-01,33902.71,2024-03-01T17:54,2024-03-02T03:23,-25.1,-30.1
2024-03-02,34486.57,2024-03-02T17:49,2024-03-03T03:28,-21.6,-24.2
2024-03-03,35068.15,2024-03-03T17:44,2024-03-04T03:33,-19.2,-22.4
2024-03-04,35647.33,2024-03-04T17:39,2024-03-05T03:37,-19.2,-23.5
2024-03-05,36223.96,2024-03-05T17:34,2024-03-06T03:42,-23.5,-26.6
2024-03-06,36797.92,2024-03-06T17:29,2024-03-07T03:46,-25.4,-28.1
2024-03-07,37369.05,2024-03-07T17:24,2024-03-08T03:51,-26.2,-29.6
2024-03-08,37937.23,2024-03-08T17:19,2024-03-09T03:55,-27.3,-28.9
2024-03-09,38502.32,2024-03-09T17:14,2024-03-10T04:00,-26.5,-32.1
2024-03-10,39064.19,2024-03-10T17:09,2024-03-11T04:04,-31.6,-36.9
2024-03-11,39622.66,2024-03-11T17:04,2024-03-12T04:08,-33.3,-35.5
2024-03-12,40177.61,2024-03-12T16:59,2024-03-13T04:13,-31.9,-36.5
2024-03-13,40729.61,2024-03-13T16:54,2024-03-14T04:17,-30.0,-34.2
2024-03-14,41282.95,2024-03-14T16:49,2024-03-15T04:21,-28.8,-35.5
2024-03-15,41838.20,2024-03-15T16:45,2024-03-16T04:26,-29.0,-32.4
2024-03-16,42395.22,2024-03-16T16:40,2024-03-17T04:30,-28.0,-31.3
2024-03-17,42953.85,2024-03-17T16:35,2024-03-18T04:35,-26.9,-28.5
2024-03-18,43513.95,2024-03-18T16:30,2024-03-19T04:39,-22.8,-26.6
2024-03-19,44075.38,2024-03-19T16:25,2024-03-20T04:43,-20.8,-27.0
2024-03-20,44638.00,2024-03-20T16:20,2024-03-21T04:48,-11.4,-19.8
2024-03-21,45201.70,2024-03-21T16:15,2024-03-22T04:52,-6.0,-12.6
2024-03-22,45766.33,2024-03-22T16:10,2024-03-23T04:57,-0.8,-6.3
2024-03-23,46331.77,2024-03-23T16:05,2024-03-24T05:01,-0.1,-5.1
2024-03-24,46897.90,2024-03-24T16:00,2024-03-25T05:05,-6.6,-13.6
2024-03-25,47464.57,2024-03-25T15:55,2024-03-26T05:10,-12.6,-16.1
2024-03-26,48031.66,2024-03-26T15:50,2024-03-27T05:14,-16.7,-19.3
2024-03-27,48599.05,2024-03-27T15:44,2024-03-28T05:19,-16.2,-18.4
2024-03-28,49166.57,2024-03-28T15:39,2024-03-29T05:23,-13.0,-16.0
2024-03-29,49734.10,2024-03-29T15:34,2024-03-30T05:27,-11.5,-13.2
2024-03-30,50301.47,2024-03-30T15:29,2024-03-31T05:32,-10.9,-12.3
2024-03-31,50868.53,2024-03-31T15:24,2024-04-01T05:36,-9.9,-11.5
2024-04-01,51435.11,2024-04-01T15:19,2024-04-02T05:41,-10.9,-16.3
2024-04-02,52001.75,2024-04-02T15:14,2024-04-03T05:45,-13.7,-21.2
2024-04-03,52572.72,2024-04-03T15:09,2024-04-04T05:50,-19.8,-27.3
2024-04-04,53148.72,2024-04-04T15:04,2024-04-05T05:54,-16.5,-19.6
2024-04-05,53729.72,2024-04-05T14:59,2024-04-06T05:59,-12.1,-15.9
2024-04-06,54315.74,2024-04-06T14:54,2024-04-07T06:03,-9.8,-12.5
2024-04-07,54906.77,2024-04-07T14:49,2024-04-08T06:08,-11.4,-16.8
2024-04-08,55502.83,2024-04-08T14:43,2024-04-09T06:13,-16.8,-22.7
2024-04-09,56103.95,2024-04-09T14:38,2024-04-10T06:18,-22.7,-31.6
2024-04-10,56710.16,2024-04-10T14:33,2024-04-11T06:22,-22.4,-28.8
2024-04-11,57321.51,2024-04-11T14:27,2024-04-12T06:27,-13.7,-21.5
2024-04-12,57938.05,2024-04-12T14:22,2024-04-13T06:32,-8.9,-16.3
2024-04-13,58559.87,2024-04-13T14:17,2024-04-14T06:37,-14.8,-17.8
2024-04-14,59187.02,2024-04-14T14:11,2024-04-15T06:42,-15.7,-20.0
2024-04-15,59819.62,2024-04-15T14:05,2024-04-16T06:47,-2.8,-18.5
2024-04-16,60457.75,2024-04-16T14:00,2024-04-17T06:52,0.1,-3.6
2024-04-17,61101.55,2024-04-17T13:54,2024-04-18T06:57,0.2,-13.3
2024-04-18,61751.16,2024-04-18T13:49,2024-04-19T07:03,-6.6,-12.4
2024-04-19,62406.70,2024-04-19T13:43,2024-04-20T07:08,-2.3,-7.9
2024-04-20,63068.40,2024-04-20T13:37,2024-04-21T07:13,-2.4,-9.9
2024-04-21,63736.43,2024-04-21T13:31,2024-04-22T07:19,-10.0,-16.2
2024-04-22,64411.96,2024-04-22T13:26,2024-04-23T07:24,-15.6,-19.9
2024-04-23,65101.12,2024-04-23T13:20,2024-04-24T07:30,-13.4,-15.4
2024-04-24,65805.86,2024-04-24T13:14,2024-04-25T07:35,-10.7,-14.3
2024-04-25,66527.40,2024-04-25T13:07,2024-04-26T07:41,-9.5,-10.9
2024-04-26,67267.21,2024-04-26T13:01,2024-04-27T07:47,-10.0,-14.0
2024-04-27,68027.04,2024-04-27T12:54,2024-04-28T07:54,-12.4,-15.4
2024-04-28,68809.00,2024-04-28T12:48,2024-04-29T08:00,-12.4,-16.3
2024-04-29,69615.70,2024-04-29T12:41,2024-04-30T08:07,-12.7,-17.0
2024-04-30,70450.35,2024-04-30T12:33,2024-05-01T08:14,-11.7,-15.7
2024-05-01,71317.05,2024-05-01T12:26,2024-05-02T08:21,-11.6,-15.7
2024-05-02,72221.10,2024-05-02T12:18,2024-05-03T08:29,-8.9,-12.2
2024-05-03,73169.51,2024-05-03T12:10,2024-05-04T08:37,-8.1,-10.2
2024-05-04,74171.89,2024-05-04T12:01,2024-05-05T08:45,-8.1,-13.6
2024-05-05,75242.06,2024-05-05T11:52,2024-05-06T08:54,-12.4,-15.6
2024-05-06,76400.93,2024-05-06T11:42,2024-05-07T09:04,-10.8,-13.8
2024-05-07,77682.80,2024-05-07T11:31,2024-05-08T09:15,-6.2,-10.5
2024-05-08,79151.47,2024-05-08T11:17,2024-05-09T09:29,-4.1,-7.1
2024-05-09,80954.54,2024-05-09T11:00,2024-05-10T09:46,-3.6,-5.6
2024-05-10,83690.17,2024-05-10T00:00,2024-05-11T00:00,-3.8,-7.3
2024-05-11,86400.00,2024-05-11T00:00,2024-05-12T00:00,-5.1,-7.8
2024-05-12,86400.00,2024-05-12T00:00,2024-05-13T00:00,-4.5,-6.9
2024-05-13,86400.00,2024-05-13T00:00,2024-05-14T00:00,-5.3,-9.1
2024-05-14,86400.00,2024-05-14T00:00,2024-05-15T00:00,-3.4,-5.9
2024-05-15,86400.00,2024-05-15T00:00,2024-05-16T00:00,0.6,-3.5
2024-05-16,86400.00,2024-05-16T00:00,2024-05-17T00:00,2.4,-0.6
2024-05-17,86400.00,2024-05-17T00:00,2024-05-18T00:00,2.7,-3.5
2024-05-18,86400.00,2024-05-18T00:00,2024-05-19T00:00,0.0,-4.5
2024-05-19,86400.00,2024-05-19T00:00,2024-05-20T00:00,-0.2,-3.3
2024-05-20,86400.00,2024-05-20T00:00,2024-05-21T00:00,-0.2,-1.4
2024-05-21,86400.00,2024-05-21T00:00,2024-05-22T00:00,-0.4,-2.4
2024-05-22,86400.00,2024-05-22T00:00,2024-05-23T00:00,-0.2,-2.2
2024-05-23,86400.00,2024-05-23T00:00,2024-05-24T00:00,0.1,-1.7
2024-05-24,86400.00,2024-05-24T00:00,2024-05-25T00:00,-0.6,-3.0
2024-05-25,86400.00,2024-05-25T00:00,2024-05-26T00:00,-1.1,-3.7
2024-05-26,86400.00,2024-05-26T00:00,2024-05-27T00:00,-1.1,-2.7
2024-05-27,86400.00,2024-05-27T00:00,2024-05-28T00:00,-0.3,-2.1
2024-05-28,86400.00,2024-05-28T00:00,2024-05-29T00:00,0.1,-1.0
2024-05-29,86400.00,2024-05-29T00:00,2024-05-30T00:00,0.2,-5.2
2024-05-30,86400.00,2024-05-30T00:00,2024-05-31T00:00,1.1,-2.2
2024-05-31,86400.00,2024-05-31T00:00,2024-06-01T00:00,1.5,-1.0
2024-06-01,86400.00,2024-06-01T00:00,2024-06-02T00:00,1.9,-0.7
2024-06-02,86400.00,2024-06-02T00:00,2024-06-03T00:00,0.2,-2.1
2024-06-03,86400.00,2024-06-03T00:00,2024-06-04T00:00,-0.2,-1.5
2024-06-04,86400.00,2024-06-04T00:00,2024-06-05T00:00,-0.2,-2.0
2024-06-05,86400.00,2024-06-05T00:00,2024-06-06T00:00,0.6,-0.5
2024-06-06,86400.00,2024-06-06T00:00,2024-06-07T00:00,1.3,-0.3
2024-06-07,86400.00,2024-06-07T00:00,2024-06-08T00:00,0.8,-0.3
2024-06-08,86400.00,2024-06-08T00:00,2024-06-09T00:00,1.1,-0.6
2024-06-09,86400.00,2024-06-09T00:00,2024-06-10T00:00,1.9,-0.6
2024-06-10,86400.00,2024-06-10T00:00,2024-06-11T00:00,2.7,-0.8
2024-06-11,86400.00,2024-06-11T00:00,2024-06-12T00:00,2.7,0.5
2024-06-12,86400.00,2024-06-12T00:00,2024-06-13T00:00,4.7,0.2
2024-06-13,86400.00,2024-06-13T00:00,2024-06-14T00:00,5.6,-0.3
2024-06-14,86400.00,2024-06-14T00:00,2024-06-15T00:00,8.2,0.2
2024-06-15,86400.00,2024-06-15T00:00,2024-06-16T00:00,9.9,1.0
2024-06-16,86400.00,2024-06-16T00:00,2024-06-17T00:00,12.6,5.2
2024-06-17,86400.00,2024-06-17T00:00,2024-06-18T00:00,9.6,0.8
2024-06-18,86400.00,2024-06-18T00:00,2024-06-19T00:00,4.2,-0.5
2024-06-19,86400.00,2024-06-19T00:00,2024-06-20T00:00,5.5,-0.2
2024-06-20,86400.00,2024-06-20T00:00,2024-06-21T00:00,5.1,-0.6
2024-06-21,86400.00,2024-06-21T00:00,2024-06-22T00:00,3.9,1.1
2024-06-22,86400.00,2024-06-22T00:00,2024-06-23T00:00,6.2,0.3
2024-06-23,86400.00,2024-06-23T00:00,2024-06-24T00:00,7.0,1.3
2024-06-24,86400.00,2024-06-24T00:00,2024-06-25T00:00,5.1,0.6
2024-06-25,86400.00,2024-06-25T00:00,2024-06-26T00:00,10.4,2.7
2024-06-26,86400.00,2024-06-26T00:00,2024-06-27T00:00,19.2,4.5
2024-06-27,86400.00,2024-06-27T00:00,2024-06-28T00:00,19.9,8.9
2024-06-28,86400.00,2024-06-28T00:00,2024-06-29T00:00,17.6,4.5
2024-06-29,86400.00,2024-06-29T00:00,2024-06-30T00:00,8.8,0.5
2024-06-30,86400.00,2024-06-30T00:00,2024-07-01T00:00,7.3,1.8
2024-07-01,86400.00,2024-07-01T00:00,2024-07-02T00:00,10.7,0.7
2024-07-02,86400.00,2024-07-02T00:00,2024-07-03T00:00,11.8,8.0
2024-07-03,86400.00,2024-07-03T00:00,2024-07-04T00:00,8.0,4.8
2024-07-04,86400.00,2024-07-04T00:00,2024-07-05T00:00,4.8,1.3
2024-07-05,86400.00,2024-07-05T00:00,2024-07-06T00:00,2.9,-0.2
2024-07-06,86400.00,2024-07-06T00:00,2024-07-07T00:00,2.3,-0.7
2024-07-07,86400.00,2024-07-07T00:00,2024-07-08T00:00,1.6,-0.3
2024-07-08,86400.00,2024-07-08T00:00,2024-07-09T00:00,5.0,-0.1
2024-07-09,86400.00,2024-07-09T00:00,2024-07-10T00:00,6.0,2.2
2024-07-10,86400.00,2024-07-10T00:00,2024-07-11T00:00,3.0,-0.7
2024-07-11,86400.00,2024-07-11T00:00,2024-07-12T00:00,3.3,0.9
2024-07-12,86400.00,2024-07-12T00:00,2024-07-13T00:00,3.8,0.4
2024-07-13,86400.00,2024-07-13T00:00,2024-07-14T00:00,4.7,0.4
2024-07-14,86400.00,2024-07-14T00:00,2024-07-15T00:00,7.1,1.9
2024-07-15,86400.00,2024-07-15T00:00,2024-07-16T00:00,2.1,0.6
2024-07-16,86400.00,2024-07-16T00:00,2024-07-17T00:00,5.1,0.2
2024-07-17,86400.00,2024-07-17T00:00,2024-07-18T00:00,8.0,2.9
2024-07-18,86400.00,2024-07-18T00:00,2024-07-19T00:00,12.5,6.9
2024-07-19,86400.00,2024-07-19T00:00,2024-07-20T00:00,13.5,7.3
2024-07-20,86400.00,2024-07-20T00:00,2024-07-21T00:00,8.6,2.9
2024-07-21,86400.00,2024-07-21T00:00,2024-07-22T00:00,10.5,5.3
2024-07-22,86400.00,2024-07-22T00:00,2024-07-23T00:00,6.7,1.6
2024-07-23,86400.00,2024-07-23T00:00,2024-07-24T00:00,16.2,3.4
2024-07-24,86400.00,2024-07-24T00:00,2024-07-25T00:00,15.5,7.8
2024-07-25,86400.00,2024-07-25T00:00,2024-07-26T00:00,8.9,4.4
2024-07-26,86400.00,2024-07-26T00:00,2024-07-27T00:00,4.4,0.5
2024-07-27,86400.00,2024-07-27T00:00,2024-07-28T00:00,2.4,0.1
2024-07-28,86400.00,2024-07-28T00:00,2024-07-29T00:00,3.2,0.8
2024-07-29,86400.00,2024-07-29T00:00,2024-07-30T00:00,3.2,1.3
2024-07-30,86400.00,2024-07-30T00:00,2024-07-31T00:00,4.0,1.1
2024-07-31,86400.00,2024-07-31T00:00,2024-08-01T00:00,6.8,1.6
2024-08-01,83514.10,2024-08-01T11:08,2024-08-02T09:58,6.0,1.6
2024-08-02,80883.96,2024-08-02T11:26,2024-08-03T09:40,5.0,1.2
2024-08-03,79113.86,2024-08-03T11:39,2024-08-04T09:26,9.5,1.4
2024-08-04,77665.31,2024-08-04T11:50,2024-08-05T09:15,12.0,8.2
2024-08-05,76398.50,2024-08-05T12:00,2024-08-06T09:05,18.3,13.0
2024-08-06,75252.04,2024-08-06T12:09,2024-08-07T08:55,20.2,7.3
2024-08-07,74192.64,2024-08-07T12:18,2024-08-08T08:47,21.7,11.1
2024-08-08,73200.02,2024-08-08T12:25,2024-08-09T08:39,15.2,8.0
2024-08-09,72260.63,2024-08-09T12:33,2024-08-10T08:31,7.4,4.2
2024-08-10,71365.06,2024-08-10T12:40,2024-08-11T08:23,7.2,3.9
2024-08-11,70506.45,2024-08-11T12:47,2024-08-12T08:16,11.7,4.7
2024-08-12,69679.56,2024-08-12T12:54,2024-08-13T08:09,12.8,2.8
2024-08-13,68880.39,2024-08-13T13:00,2024-08-14T08:02,9.9,5.0
2024-08-14,68105.75,2024-08-14T13:06,2024-08-15T07:56,9.7,2.1
2024-08-15,67353.09,2024-08-15T13:12,2024-08-16T07:49,7.7,3.9
2024-08-16,66620.31,2024-08-16T13:18,2024-08-17T07:43,8.3,5.4
2024-08-17,65905.69,2024-08-17T13:24,2024-08-18T07:37,4.6,1.5
2024-08-18,65207.79,2024-08-18T13:29,2024-08-19T07:31,4.6,2.1
2024-08-19,64525.38,2024-08-19T13:35,2024-08-20T07:25,5.2,2.0
2024-08-20,63856.57,2024-08-20T13:40,2024-08-21T07:19,4.8,0.7
2024-08-21,63195.39,2024-08-21T13:45,2024-08-22T07:14,8.3,3.4
2024-08-22,62540.69,2024-08-22T13:50,2024-08-23T07:08,8.8,4.9
2024-08-23,61892.23,2024-08-23T13:55,2024-08-24T07:02,4.7,1.2
2024-08-24,61249.82,2024-08-24T14:01,2024-08-25T06:57,2.4,1.3
2024-08-25,60613.28,2024-08-25T14:06,2024-08-26T06:51,3.3,1.1
2024-08-26,59982.47,2024-08-26T14:10,2024-08-27T06:46,8.9,-0.1
2024-08-27,59357.25,2024-08-27T14:15,2024-08-28T06:40,10.7,4.3
2024-08-28,58737.50,2024-08-28T14:20,2024-08-29T06:35,11.0,2.9
2024-08-29,58123.11,2024-08-29T14:25,2024-08-30T06:29,3.9,1.7
2024-08-30,57514.00,2024-08-30T14:30,2024-08-31T06:24,3.8,1.8
2024-08-31,56910.08,2024-08-31T14:34,2024-09-01T06:19,3.9,1.2
2024-09-01,56311.29,2024-09-01T14:39,2024-09-02T06:13,2.2,0.7
2024-09-02,55717.57,2024-09-02T14:44,2024-09-03T06:08,6.3,-0.6
2024-09-03,55128.90,2024-09-03T14:48,2024-09-04T06:03,6.5,3.8
2024-09-04,54545.21,2024-09-04T14:53,2024-09-05T05:58,9.6,4.2
2024-09-05,53966.49,2024-09-05T14:57,2024-09-06T05:52,10.7,5.4
2024-09-06,53392.72,2024-09-06T15:02,2024-09-07T05:47,10.7,3.3
2024-09-07,52823.91,2024-09-07T15:06,2024-09-08T05:42,3.5,1.6
2024-09-08,52260.05,2024-09-08T15:10,2024-09-09T05:37,5.3,1.6
2024-09-09,51700.48,2024-09-09T15:15,2024-09-10T05:32,9.9,5.1
2024-09-10,51141.15,2024-09-10T15:19,2024-09-11T05:27,9.7,3.7
2024-09-11,50581.54,2024-09-11T15:23,2024-09-12T05:22,10.1,2.7
2024-09-12,50021.79,2024-09-12T15:28,2024-09-13T05:17,5.3,3.8
2024-09-13,49462.05,2024-09-13T15:32,2024-09-14T05:12,4.5,3.7
2024-09-14,48902.45,2024-09-14T15:36,2024-09-15T05:07,5.7,3.1
2024-09-15,48343.14,2024-09-15T15:41,2024-09-16T05:02,5.5,3.1
2024-09-16,47784.23,2024-09-16T15:45,2024-09-17T04:57,4.7,4.0
2024-09-17,47225.84,2024-09-17T15:49,2024-09-18T04:52,4.9,3.1
2024-09-18,46668.09,2024-09-18T15:53,2024-09-19T04:47,4.3,3.6
2024-09-19,46111.09,2024-09-19T15:58,2024-09-20T04:42,5.0,1.8
2024-09-20,45554.96,2024-09-20T16:02,2024-09-21T04:37,5.7,2.0
2024-09-21,44999.82,2024-09-21T16:06,2024-09-22T04:32,2.3,0.3
2024-09-22,44445.78,2024-09-22T16:10,2024-09-23T04:27,1.7,-0.3
2024-09-23,43892.96,2024-09-23T16:15,2024-09-24T04:22,1.6,0.8
2024-09-24,43341.47,2024-09-24T16:19,2024-09-25T04:17,2.1,0.7
2024-09-25,42791.44,2024-09-25T16:23,2024-09-26T04:12,2.0,0.8
2024-09-26,42243.00,2024-09-26T16:27,2024-09-27T04:07,2.1,0.4
2024-09-27,41696.27,2024-09-27T16:32,2024-09-28T04:03,2.6,0.5
2024-09-28,41151.39,2024-09-28T16:36,2024-09-29T03:58,1.6,-0.1
2024-09-29,40607.83,2024-09-29T16:40,2024-09-30T03:53,0.9,-2.6
2024-09-30,40061.54,2024-09-30T16:44,2024-10-01T03:48,3.0,-2.8
2024-10-01,39511.98,2024-10-01T16:49,2024-10-02T03:43,3.6,-0.8
2024-10-02,38959.29,2024-10-02T16:53,2024-10-03T03:38,1.5,-0.5
2024-10-03,38403.62,2024-10-03T16:57,2024-10-04T03:33,0.7,-0.2
2024-10-04,37845.09,2024-10-04T17:02,2024-10-05T03:28,1.6,-2.6
2024-10-05,37283.84,2024-10-05T17:06,2024-10-06T03:23,1.8,-0.2
2024-10-06,36719.98,2024-10-06T17:10,2024-10-07T03:18,1.3,-2.6
2024-10-07,36153.67,2024-10-07T17:15,2024-10-08T03:13,-0.1,-0.8
2024-10-08,35585.02,2024-10-08T17:19,2024-10-09T03:08,0.5,-1.3
2024-10-09,35014.16,2024-10-09T17:24,2024-10-10T03:03,0.4,-1.0
2024-10-10,34441.22,2024-10-10T17:28,2024-10-11T02:58,0.0,-1.6
2024-10-11,33866.33,2024-10-11T17:33,2024-10-12T02:53,-0.0,-1.6
2024-10-12,33289.64,2024-10-12T17:37,2024-10-13T02:48,-0.3,-2.5
2024-10-13,32711.27,2024-10-13T17:42,2024-10-14T02:43,-0.7,-1.8
2024-10-14,32131.38,2024-10-14T17:47,2024-10-15T02:38,-1.4,-2.8
2024-10-15,31550.14,2024-10-15T17:51,2024-10-16T02:33,-2.1,-6.7
2024-10-16,30967.71,2024-10-16T17:56,2024-10-17T02:28,-2.0,-6.4
2024-10-17,30384.27,2024-10-17T18:01,2024-10-18T02:23,-2.5,-4.4
2024-10-18,29800.00,2024-10-18T18:05,2024-10-19T02:18,-3.2,-3.9
2024-10-19,29214.25,2024-10-19T18:10,2024-10-20T02:13,-3.2,-11.7
2024-10-20,28621.80,2024-10-20T18:15,2024-10-21T02:07,-6.2,-10.2
2024-10-21,28021.75,2024-10-21T18:20,2024-10-22T02:02,1.3,-5.4
2024-10-22,27414.02,2024-10-22T18:25,2024-10-23T01:57,0.6,-3.4
2024-10-23,26798.55,2024-10-23T18:30,2024-10-24T01:52,0.0,-4.0
2024-10-24,26175.21,2024-10-24T18:35,2024-10-25T01:46,-2.1,-4.4
2024-10-25,25543.89,2024-10-25T18:40,2024-10-26T01:41,-2.0,-4.2
2024-10-26,24904.43,2024-10-26T18:45,2024-10-27T01:36,-3.7,-5.1
2024-10-27,24256.64,2024-10-27T18:51,2024-10-28T01:30,-3.8,-9.2
2024-10-28,23600.31,2024-10-28T18:56,2024-10-29T01:25,-4.2,-10.4
2024-10-29,22935.18,2024-10-29T19:01,2024-10-30T01:19,-4.1,-5.1
2024-10-30,22260.94,2024-10-30T19:07,2024-10-31T01:13,-3.9,-8.1
2024-10-31,21577.24,2024-10-31T19:13,2024-11-01T01:07,-3.6,-5.0
2024-11-01,20883.68,2024-11-01T19:19,2024-11-02T01:02,-4.2,-5.1
2024-11-02,20179.78,2024-11-02T19:24,2024-11-03T00:56,-4.9,-5.3
2024-11-03,19464.95,2024-11-03T19:30,2024-11-04T00:50,-4.8,-6.1
2024-11-04,18738.53,2024-11-04T19:37,2024-11-05T00:44,-4.1,-6.4
2024-11-05,17999.71,2024-11-05T19:43,2024-11-06T00:37,-5.4,-6.7
2024-11-06,17247.54,2024-11-06T19:49,2024-11-07T00:31,-4.3,-5.7
2024-11-07,16480.83,2024-11-07T19:56,2024-11-08T00:25,-4.1,-6.0
2024-11-08,15696.70,2024-11-08T20:02,2024-11-09T00:18,-6.2,-9.4
2024-11-09,14883.71,2024-11-09T20:09,2024-11-10T00:11,-8.9,-10.1
2024-11-10,14035.98,2024-11-10T20:17,2024-11-11T00:04,-8.7,-10.0
2024-11-11,13147.61,2024-11-11T20:24,2024-11-11T23:57,-8.6,-10.3
2024-11-12,12210.65,2024-11-12T20:33,2024-11-12T23:49,-10.4,-13.3
2024-11-13,11213.89,2024-11-13T20:41,2024-11-13T23:41,-12.3,-13.9
2024-11-14,10140.81,2024-11-14T20:51,2024-11-14T23:31,-13.6,-16.7
2024-11-15,8965.21,2024-11-15T21:01,2024-11-15T23:21,-14.5,-16.4
2024-11-16,7641.38,2024-11-16T21:13,2024-11-16T23:10,-14.4,-17.2
2024-11-17,6074.91,2024-11-17T21:28,2024-11-17T22:56,-15.4,-18.1
2024-11-18,3992.34,2024-11-18T21:50,2024-11-18T22:34,-16.0,-18.1
2024-11-19,0.00,2024-11-19T00:00,2024-11-19T00:00,-12.6,-26.8
2024-11-20,0.00,2024-11-20T00:00,2024-11-20T00:00,0.4,-11.7
2024-11-21,0.00,2024-11-21T00:00,2024-11-21T00:00,-3.5,-12.1
2024-11-22,0.00,2024-11-22T00:00,2024-11-22T00:00,-9.9,-14.9
2024-11-23,0.00,2024-11-23T00:00,2024-11-23T00:00,-12.8,-17.8
2024-11-24,0.00,2024-11-24T00:00,2024-11-24T00:00,-10.8,-15.5
2024-11-25,0.00,2024-11-25T00:00,2024-11-25T00:00,-11.1,-19.5
2024-11-26,0.00,2024-11-26T00:00,2024-11-26T00:00,-16.5,-19.8
2024-11-27,0.00,2024-11-27T00:00,2024-11-27T00:00,-17.0,-22.7
2024-11-28,0.00,2024-11-28T00:00,2024-11-28T00:00,-14.7,-25.0
2024-11-29,0.00,2024-11-29T00:00,2024-11-29T00:00,-6.7,-14.1
2024-11-30,0.00,2024-11-30T00:00,2024-11-30T00:00,-13.9,-18.3
2024-12-01,0.00,2024-12-01T00:00,2024-12-01T00:00,-17.5,-23.4
2024-12-02,0.00,2024-12-02T00:00,2024-12-02T00:00,-20.5,-24.9
2024-12-03,0.00,2024-12-03T00:00,2024-12-03T00:00,-17.7,-20.5
2024-12-04,0.00,2024-12-04T00:00,2024-12-04T00:00,-17.3,-17.7
2024-12-05,0.00,2024-12-05T00:00,2024-12-05T00:00,-14.4,-17.0
2024-12-06,0.00,2024-12-06T00:00,2024-12-06T00:00,-14.4,-16.6
2024-12-07,0.00,2024-12-07T00:00,2024-12-07T00:00,-16.8,-19.2
2024-12-08,0.00,2024-12-08T00:00,2024-12-08T00:00,-19.0,-20.9
2024-12-09,0.00,2024-12-09T00:00,2024-12-09T00:00,-16.1,-20.6
2024-12-10,0.00,2024-12-10T00:00,2024-12-10T00:00,-7.3,-15.9
2024-12-11,0.00,2024-12-11T00:00,2024-12-11T00:00,-6.8,-11.7
2024-12-12,0.00,2024-12-12T00:00,2024-12-12T00:00,-8.3,-13.8
2024-12-13,0.00,2024-12-13T00:00,2024-12-13T00:00,-14.7,-16.4
2024-12-14,0.00,2024-12-14T00:00,2024-12-14T00:00,-16.0,-19.3
2024-12-15,0.00,2024-12-15T00:00,2024-12-15T00:00,-18.8,-20.3
2024-12-16,0.00,2024-12-16T00:00,2024-12-16T00:00,-17.6,-20.4
2024-12-17,0.00,2024-12-17T00:00,2024-12-17T00:00,-16.4,-17.4
2024-12-18,0.00,2024-12-18T00:00,2024-12-18T00:00,-17.2,-19.7
2024-12-19,0.00,2024-12-19T00:00,2024-12-19T00:00,-17.9,-23.9
2024-12-20,0.00,2024-12-20T00:00,2024-12-20T00:00,-18.5,-21.7
2024-12-21,0.00,2024-12-21T00:00,2024-12-21T00:00,-19.3,-22.8
2024-12-22,0.00,2024-12-22T00:00,2024-12-22T00:00,-21.7,-22.9
2024-12-23,0.00,2024-12-23T00:00,2024-12-23T00:00,-22.4,-24.8
2024-12-24,0.00,2024-12-24T00:00,2024-12-24T00:00,-24.8,-25.5
2024-12-25,0.00,2024-12-25T00:00,2024-12-25T00:00,-22.6,-25.5
2024-12-26,0.00,2024-12-26T00:00,2024-12-26T00:00,-23.2,-25.5
2024-12-27,0.00,2024-12-27T00:00,2024-12-27T00:00,-23.1,-24.5
2024-12-28,0.00,2024-12-28T00:00,2024-12-28T00:00,-23.0,-25.2
2024-12-29,0.00,2024-12-29T00:00,2024-12-29T00:00,-25.3,-30.1
2024-12-30,0.00,2024-12-30T00:00,2024-12-30T00:00,-29.5,-38.6
2024-12-31,0.00,2024-12-31T00:00,2024-12-31T00:00,-25.7,-30.6
